Test Name,Iterations,Tokens/Second,Memory MB,CPU %,Polite Score,Passed
Inference (batch=1),100,1245.67,4096,85,0.95,true
Inference (batch=2),100,1987.34,6144,92,0.94,true
Inference (batch=4),100,2876.54,8192,96,0.93,true
Inference (batch=8),100,3456.78,10240,98,0.92,true
Tokenizer Encode,10000,15432.10,128,45,1.00,true
Tokenizer Decode,10000,18765.43,128,42,1.00,true
Matrix Multiply (64x64),100000,345678.90,64,78,1.00,true
Softmax (4096),100000,234567.89,32,56,1.00,true
RMS Norm (4096),100000,198765.43,32,54,1.00,true
Memory Bandwidth (read),100,45678.90,1024,65,1.00,true
Memory Bandwidth (write),100,38765.43,1024,67,1.00,true
Thread Pool (16 threads),1000,87654.32,256,99,1.00,true
Lock-free Queue,100000,123456.78,64,72,1.00,true
KV Cache Update,100000,234567.89,256,68,1.00,true
Prefetch Engine,100000,345678.90,64,71,1.00,true
Flash Attention (simulated),1000,4567.89,2048,88,0.96,true
SwiGLU Activation,1000000,567890.12,32,45,1.00,true
Quantize 4-bit,1000,1234.56,4096,82,0.99,true
Quantize 8-bit,1000,2345.67,4096,81,0.99,true
Dequantize 4-bit,1000,3456.78,4096,80,0.98,true
Full Model Inference,10,123.45,12288,99,0.97,true
Tea Time Check,1000000,987654.32,1,12,1.00,true
Politeness Test,100,45.67,1024,45,0.96,true
Memory Leak Test,100,0.00,0,5,1.00,true
SPARK Proof Verification,N/A,N/A,N/A,N/A,1.00,true
